user_id;fio;email;address;sysdate_dt;sysdate_dttm
2;Силина Варвара Борисовна;shilovstanislav@example.net;п. Долинск, ш. Ореховое, д. 4 стр. 7/3, 686331;2025-04-09;2025-04-09 21:58:11.352313
4;Лидия Аскольдовна Шарапова;efim_87@example.org;с. Омск, ш. Ольховое, д. 2 стр. 494, 944567;2025-04-09;2025-04-09 21:58:11.353305
6;Жанна Архиповна Яковлева;trofim82@example.org;к. Охотск, ш. Пархоменко, д. 817, 212675;2025-04-09;2025-04-09 21:58:11.354303
8;Журавлева Фёкла Ивановна;gurevdobromisl@example.net;г. Добрянка, наб. Журавлева, д. 9/5 стр. 915, 431241;2025-04-09;2025-04-09 21:58:11.354303
10;Марков Венедикт Ильич;nikolabelov@example.net;п. Катав-Ивановск, наб. Мелиораторов, д. 862 к. 9/3, 500029;2025-04-09;2025-04-09 21:58:11.355303
12;Сидор Афанасьевич Семенов;sigizmund_1985@example.net;к. Сортавала, ш. Союзное, д. 7 к. 446, 485145;2025-04-09;2025-04-09 21:58:11.356304
14;Наумов Фока Фокич;svladimirova@example.org;д. Сладково, алл. Медицинская, д. 8, 051721;2025-04-09;2025-04-09 21:58:11.356304
16;Кириллов Герасим Абрамович;kasjan_1970@example.com;ст. Волгодонск, бул. Циолковского, д. 42, 230940;2025-04-09;2025-04-09 21:58:11.357303
18;Романов Софон Евсеевич;viktorija_2000@example.org;ст. Томск, наб. Котовского, д. 1/7 стр. 28, 658545;2025-04-09;2025-04-09 21:58:11.358303
20;Анисимова Виктория Натановна;zrozhkov@example.net;ст. Вилюйск, ул. Громова, д. 208 к. 8/9, 219520;2025-04-09;2025-04-09 21:58:11.359309
22;Панкрат Валентинович Кононов;artemi_21@example.org;ст. Верхнее Пенжино, ул. Химиков, д. 9, 633985;2025-04-09;2025-04-09 21:58:11.360316
24;Власова Татьяна Макаровна;harlampi_1983@example.org;г. Углич, алл. Декабристов, д. 7/8, 817720;2025-04-09;2025-04-09 21:58:11.360316
26;Андрей Венедиктович Степанов;pankrati_1974@example.com;с. Печенга, ш. Макаренко, д. 484 стр. 2, 698590;2025-04-09;2025-04-09 21:58:11.361310
28;Костина Евгения Болеславовна;vlas2002@example.org;клх Данков, ш. Коминтерна, д. 591 к. 35, 137803;2025-04-09;2025-04-09 21:58:11.361310
30;Анастасия Кирилловна Ефремова;ignati94@example.net;д. Невинномысск, пер. Котовского, д. 383 стр. 6/9, 167746;2025-04-09;2025-04-09 21:58:11.362301
32;Михеев Иосиф Еремеевич;mechislav_95@example.com;клх Ясный (Оренб.), бул. Гражданский, д. 4 к. 457, 977113;2025-04-09;2025-04-09 21:58:11.363304
34;Марина Александровна Комарова;budimir22@example.net;с. Сасово, наб. Макарова, д. 4, 338722;2025-04-09;2025-04-09 21:58:11.363304
36;Гришин Лазарь Якубович;petrovhariton@example.org;п. Славянск-на-Кубани, пр. Деповский, д. 4/7 стр. 3/3, 973241;2025-04-09;2025-04-09 21:58:11.364304
38;Воронова Эмилия Эльдаровна;kim_23@example.net;клх Сунтар, ш. Транспортное, д. 1/7, 012963;2025-04-09;2025-04-09 21:58:11.364304
40;Евфросиния Владимировна Казакова;avdeevkasjan@example.org;ст. Псков, алл. Лазо, д. 8 стр. 398, 587951;2025-04-09;2025-04-09 21:58:11.365303
42;Яковлев Адам Васильевич;lgavrilov@example.net;г. Шуя, пр. Клары Цеткин, д. 1/2, 490722;2025-04-09;2025-04-09 21:58:11.365303
44;Регина Ильинична Морозова;emmanuilkabanov@example.com;с. Джубга, ул. Медицинская, д. 9, 547862;2025-04-09;2025-04-09 21:58:11.366305
46;Харитонов Мартьян Исидорович;elena_83@example.net;с. Югорск, пер. Клары Цеткин, д. 6/6 к. 1, 920242;2025-04-09;2025-04-09 21:58:11.366305
48;Агафья Рубеновна Князева;polikarpkorolev@example.org;клх Кашхатау, алл. Боровая, д. 75 стр. 64, 176600;2025-04-09;2025-04-09 21:58:11.367314
50;Зоя Алексеевна Мишина;natan64@example.org;клх Ставрополь, алл. Халтурина, д. 9/4 к. 227, 588944;2025-04-09;2025-04-09 21:58:11.367314
52;Мария Валентиновна Боброва;platon1976@example.com;к. Екатеринбург, ш. Красное, д. 17 к. 20, 930413;2025-04-09;2025-04-09 21:58:11.368304
54;Мартынов Борислав Ефимьевич;roman_58@example.net;д. Ивдель, пер. Профсоюзный, д. 5 к. 813, 805272;2025-04-09;2025-04-09 21:58:11.368304
56;Воронцов Игорь Брониславович;mili38@example.net;клх Ижевск, пр. Карла Маркса, д. 39 к. 3, 869193;2025-04-09;2025-04-09 21:58:11.369302
58;Агафон Валерианович Филиппов;karl15@example.com;клх Медногорск, пер. Ключевой, д. 56 стр. 8, 797701;2025-04-09;2025-04-09 21:58:11.369302
60;Любовь Ивановна Фокина;savva31@example.org;ст. Троицк (Челяб.), ш. Радищева, д. 393, 947914;2025-04-09;2025-04-09 21:58:11.370303
501;Виссарион Давидович Назаров;cmjasnikova@example.org;д. Шумиха, бул. Толстого, д. 76 стр. 1, 226698;2025-04-09;2025-04-09 21:58:11.370303
502;Осип Бориславович Зуев;tpopova@example.net;ст. Кизляр, ул. Проточная, д. 2 к. 8/1, 040779;2025-04-09;2025-04-09 21:58:11.370303
503;Творимир Ефремович Молчанов;radislav1988@example.net;г. Кизел, бул. Лунный, д. 9 стр. 321, 070388;2025-04-09;2025-04-09 21:58:11.370303
504;Тамара Викторовна Королева;lobanovgremislav@example.com;клх Сарапул, пер. Одесский, д. 735 стр. 7, 571764;2025-04-09;2025-04-09 21:58:11.370303
505;Колобова Раиса Робертовна;makarovsaveli@example.org;клх Великие Луки, наб. Шевченко, д. 6 к. 86, 495760;2025-04-09;2025-04-09 21:58:11.370303
506;Князев Дементий Тихонович;marian2019@example.com;д. Сковородино, наб. Кольцова, д. 5 стр. 2/2, 807227;2025-04-09;2025-04-09 21:58:11.370303
507;Максим Эдгарович Жуков;samsonovsamuil@example.net;г. Рубцовск, пер. 8 Марта, д. 9/1 стр. 13, 669947;2025-04-09;2025-04-09 21:58:11.370303
508;Степанов Юрий Артурович;ogromov@example.net;клх Хоста, пр. Толбухина, д. 2/3, 132906;2025-04-09;2025-04-09 21:58:11.370303
509;Исаков Агап Глебович;sofron10@example.org;к. Солнечногорск, бул. Большой, д. 51, 481921;2025-04-09;2025-04-09 21:58:11.370303
510;Татьяна Ильинична Меркушева;nikiforovspiridon@example.org;клх Чулым, пр. Садовый, д. 67 к. 5/3, 856869;2025-04-09;2025-04-09 21:58:11.370303
511;Марина Мироновна Самсонова;ratibor1975@example.net;с. Лысьва, пер. Лунный, д. 15 к. 154, 050323;2025-04-09;2025-04-09 21:58:11.371306
512;Федор Эдгарович Игнатьев;aksenovaksenija@example.org;д. Плесецк, алл. Жуковского, д. 94 стр. 95, 952762;2025-04-09;2025-04-09 21:58:11.371306
513;Пелагея Рубеновна Тетерина;beljaevtimofe@example.org;с. Печенга, алл. Химиков, д. 45 к. 1/3, 578976;2025-04-09;2025-04-09 21:58:11.371306
514;Рожкова Октябрина Афанасьевна;jakubkononov@example.com;г. Амдерма, пер. Леонова, д. 3/3 стр. 163, 527526;2025-04-09;2025-04-09 21:58:11.371306
515;Ефим Изотович Лебедев;vladislav63@example.com;п. Котельнич, алл. Достоевского, д. 6/4 к. 196, 413382;2025-04-09;2025-04-09 21:58:11.371306
516;Синклитикия Леонидовна Петрова;vladilenosipov@example.org;клх Сухиничи, наб. Высоковольтная, д. 49, 918021;2025-04-09;2025-04-09 21:58:11.371306
517;Алла Святославовна Суворова;efimshestakov@example.com;г. Слюдянка, пр. Волжский, д. 8/8, 631763;2025-04-09;2025-04-09 21:58:11.371306
518;Екатерина Леонидовна Филатова;dorofe_74@example.org;с. Кырен, ш. Труда, д. 53 к. 3, 026353;2025-04-09;2025-04-09 21:58:11.371306
519;Антонов Кондратий Вячеславович;pelageja1998@example.org;д. Дудинка, пер. Тепличный, д. 50 стр. 78, 320356;2025-04-09;2025-04-09 21:58:11.371306
520;Варвара Филипповна Евсеева;avgustsuhanov@example.org;ст. Лабытнанги, алл. Осипенко, д. 26 к. 29, 462969;2025-04-09;2025-04-09 21:58:11.371306
521;Тит Витальевич Авдеев;tterentev@example.net;г. Онега, пр. Логовой, д. 7, 653516;2025-04-09;2025-04-09 21:58:11.371306
522;Николаева Анна Максимовна;beljaevvladlen@example.com;г. Анадырь, ш. Полтавское, д. 3 к. 2/2, 037220;2025-04-09;2025-04-09 21:58:11.371306
523;тов. Ершова Антонина Петровна;ndmitrieva@example.com;г. Мирный, пер. Водников, д. 4 к. 44, 272094;2025-04-09;2025-04-09 21:58:11.371306
524;Меркушева Олимпиада Эдуардовна;kliment05@example.com;д. Пенза, пер. Заовражный, д. 8, 223973;2025-04-09;2025-04-09 21:58:11.372303
525;Азарий Фадеевич Лазарев;novikovanonna@example.net;с. Находка, ул. Маяковского, д. 6/3 стр. 5/7, 505540;2025-04-09;2025-04-09 21:58:11.372303
526;Терентьев Изяслав Геннадиевич;miroslavterentev@example.com;к. Мезень, бул. Тихий, д. 299, 147563;2025-04-09;2025-04-09 21:58:11.372303
527;Игнатова Валерия Васильевна;pelageja59@example.net;г. Архыз, пр. ДОС, д. 787, 385659;2025-04-09;2025-04-09 21:58:11.372303
528;Силина Ольга Оскаровна;polikarplebedev@example.com;ст. Омск, пер. Ленина, д. 7/1 к. 351, 221691;2025-04-09;2025-04-09 21:58:11.372303
529;Осипов Родион Владиславович;arseni_1973@example.net;клх Балтийск, бул. Куйбышева, д. 69, 257152;2025-04-09;2025-04-09 21:58:11.372303
530;Ярослав Григорьевич Гущин;amvrosi_07@example.com;д. Кимры, ул. Луговая, д. 876, 472186;2025-04-09;2025-04-09 21:58:11.372303
531;Наталья Игоревна Мельникова;svetlana_87@example.com;г. Глазов, ш. Пушкина, д. 69 к. 3/1, 457472;2025-04-09;2025-04-09 21:58:11.372303
532;Андроник Арсенович Игнатов;erofe60@example.com;п. Волгоград, алл. Иркутская, д. 9/4 к. 7, 088385;2025-04-09;2025-04-09 21:58:11.372303
533;Шашков Климент Димитриевич;bobrovamarija@example.net;ст. Чайковский, бул. Волочаевский, д. 160 стр. 425, 529001;2025-04-09;2025-04-09 21:58:11.372303
534;Михеева Регина Мироновна;bespalovmodest@example.org;д. Кириши, пер. Олега Кошевого, д. 7/8 стр. 1, 214718;2025-04-09;2025-04-09 21:58:11.372303
535;Кондрат Архипович Наумов;foka67@example.com;г. Чехов, пр. Свободный, д. 44, 700414;2025-04-09;2025-04-09 21:58:11.372303
536;Суворов Лука Харламович;roman2001@example.com;ст. Яшкуль, ул. Пушкина, д. 110 стр. 2, 799509;2025-04-09;2025-04-09 21:58:11.372303
537;Харитонова Фёкла Максимовна;firs_1974@example.com;ст. Домбай, пр. Кутузова, д. 444 стр. 17, 051840;2025-04-09;2025-04-09 21:58:11.373301
538;Антонина Эдуардовна Красильникова;beljakovataisija@example.net;клх Онега, ш. Механическое, д. 881 к. 416, 032648;2025-04-09;2025-04-09 21:58:11.373301
539;Всемил Жоресович Зиновьев;antip_2018@example.net;клх Нижневартовск, ул. Нефтяников, д. 4 к. 6/8, 930916;2025-04-09;2025-04-09 21:58:11.373301
540;Харитон Александрович Ситников;ermolasavin@example.net;д. Кострома, наб. Каштановая, д. 887, 940603;2025-04-09;2025-04-09 21:58:11.373301
541;Игнатьева Василиса Борисовна;evseevleonti@example.net;п. Чермоз, бул. Аэродромный, д. 2/7 к. 85, 432088;2025-04-09;2025-04-09 21:58:11.373301
542;Карл Тимурович Колобов;sofron14@example.org;ст. Якутск, ш. Карьерное, д. 8/4, 618509;2025-04-09;2025-04-09 21:58:11.373301
543;Гурий Виленович Шилов;miheevavalerija@example.net;к. Нягань, ш. Николаева, д. 65, 378498;2025-04-09;2025-04-09 21:58:11.373301
544;Ковалева Тамара Степановна;dorofe_1983@example.net;д. Черняховск, ул. Спортивная, д. 7, 274592;2025-04-09;2025-04-09 21:58:11.373301
545;Юрий Адрианович Хохлов;artemi96@example.com;ст. Охотск, пер. Российский, д. 2 к. 160, 979946;2025-04-09;2025-04-09 21:58:11.373301
546;Клавдия Ниловна Воронцова;serafim_1981@example.org;п. Ведено, ш. 30 лет Победы, д. 869 к. 4/2, 919738;2025-04-09;2025-04-09 21:58:11.373301
547;Большаков Алексей Ермолаевич;haritonovpotap@example.net;г. Славгород, ул. Толбухина, д. 496, 967325;2025-04-09;2025-04-09 21:58:11.373301
548;Якушева Любовь Болеславовна;mina_75@example.org;д. Дивногорск, ул. Широкая, д. 61 стр. 8, 920847;2025-04-09;2025-04-09 21:58:11.373301
549;Элеонора Юльевна Уварова;leonti1990@example.com;д. Ноябрьск, пер. Городской, д. 4/2 стр. 9, 963120;2025-04-09;2025-04-09 21:58:11.373301
550;Виноградова Екатерина Тарасовна;grigori_1984@example.org;г. Барнаул, наб. Боровая, д. 9 стр. 650, 293406;2025-04-09;2025-04-09 21:58:11.374307
551;Кудрявцева Александра Олеговна;kulakovfeofan@example.org;п. Богучар, пер. Краснофлотский, д. 5 к. 35, 554286;2025-04-09;2025-04-09 21:58:11.374307
552;Михаил Андреевич Доронин;melnikovaevfrosinija@example.com;д. Рязань, наб. Молодежная, д. 1 стр. 6/6, 401734;2025-04-09;2025-04-09 21:58:11.374307
553;Кошелев Остап Аверьянович;erofe2021@example.org;г. Тында, ул. Одесская, д. 610, 722958;2025-04-09;2025-04-09 21:58:11.374307
554;Михайлова Фаина Ждановна;osip_2011@example.org;д. Камень-на-Оби, пр. Стахановский, д. 3/6 стр. 4, 524592;2025-04-09;2025-04-09 21:58:11.374307
555;Зоя Робертовна Быкова;efremovaagata@example.com;п. Александровск, ш. Чкалова, д. 3/5 к. 208, 476419;2025-04-09;2025-04-09 21:58:11.374307
556;Мариан Венедиктович Некрасов;vladlen1995@example.org;п. Белорецк, ш. Овражное, д. 4 к. 8, 446374;2025-04-09;2025-04-09 21:58:11.374307
557;Панкрат Виленович Некрасов;ostromir02@example.net;п. Якутск, наб. 8 Марта, д. 14 стр. 67, 425366;2025-04-09;2025-04-09 21:58:11.374307
558;Агафья Михайловна Фомичева;mamontovaevgenija@example.net;г. Новороссийка, пр. Пролетарский, д. 8/9 стр. 61, 661802;2025-04-09;2025-04-09 21:58:11.374307
559;Котова Зинаида Николаевна;blinovaangelina@example.org;с. Архангельск, ш. Краснофлотское, д. 85 к. 8, 134280;2025-04-09;2025-04-09 21:58:11.374307
560;Капустина Маргарита Яковлевна;amosstrelkov@example.net;г. Ачинск, бул. Солнечный, д. 1/8 к. 908, 872125;2025-04-09;2025-04-09 21:58:11.374307
561;Соловьев Доброслав Иосипович;zinaida81@example.com;с. Аша, бул. Парижской Коммуны, д. 102 к. 89, 731118;2025-04-09;2025-04-09 21:58:11.374307
562;София Болеславовна Лукина;milen_31@example.net;клх Нурлат, наб. Осипенко, д. 773 стр. 9/7, 843743;2025-04-09;2025-04-09 21:58:11.374307
563;Кабанова Вероника Дмитриевна;noskovernest@example.com;к. Баргузин, ш. Щетинкина, д. 71 к. 76, 552557;2025-04-09;2025-04-09 21:58:11.375302
564;Карл Ефстафьевич Мамонтов;leon2015@example.org;к. Белорецк, наб. Сиреневая, д. 76 к. 9, 430108;2025-04-09;2025-04-09 21:58:11.375302
565;Рубен Зиновьевич Сорокин;nikiforovkonon@example.org;клх Камышлов, бул. Снежный, д. 1 к. 3/7, 750028;2025-04-09;2025-04-09 21:58:11.375302
566;Овчинникова Валерия Антоновна;ostromirpahomov@example.org;д. Котельнич, бул. Красный, д. 215 к. 978, 871525;2025-04-09;2025-04-09 21:58:11.375302
567;Юдин Трифон Феликсович;stanimir08@example.com;ст. Усинск, пер. Грибоедова, д. 920 к. 6/6, 145203;2025-04-09;2025-04-09 21:58:11.375302
568;Влас Тимурович Емельянов;matve46@example.net;с. Можга, ул. Белинского, д. 964 к. 10, 516017;2025-04-09;2025-04-09 21:58:11.375302
569;Комиссаров Егор Елисеевич;poljakovjaroslav@example.org;г. Ардон, наб. Седова, д. 5, 040969;2025-04-09;2025-04-09 21:58:11.375302
570;Соколова Нонна Станиславовна;egormatveev@example.net;г. Сызрань, пр. Красноармейский, д. 448 к. 33, 964106;2025-04-09;2025-04-09 21:58:11.375302
